Date,Open,High,Low,Close,Return %,ASX accum. Return %,Gold USD,Gold AUD,Gold Return %,Gold Accum. Return %,AU/USD,Silver USD,Silver AUD,Silver Return %,Silver Accum. Return %,PE Ratio,Dividend Yield (%)
1/6/92,1704.60,1704.60,1704.60,1704.60,0.00,0.00,352.72,473.52,0.00,0.00,0.74,4.06,5.45,0.00,0.00,18.30,3.60
1/7/92,1700.50,1704.50,1646.40,1665.90,-2.27,-2.27,352.72,473.52,0.00,0.00,0.74,3.97,5.33,-2.22,-2.22,17.30,3.70
1/8/92,1668.40,1685.00,1620.60,1633.30,-1.96,-4.18,343.06,472.34,-0.25,-0.25,0.73,3.82,5.26,-1.31,-3.50,18.20,3.90
1/9/92,1632.80,1632.80,1526.50,1557.90,-4.62,-8.61,345.43,478.57,1.32,1.07,0.72,3.77,5.22,-0.69,-4.17,17.10,4.10
1/10/92,1551.00,1551.00,1483.90,1487.90,-4.49,-12.71,344.38,482.02,0.72,1.80,0.71,3.75,5.25,0.49,-3.70,16.80,4.30
1/11/92,1474.70,1486.70,1417.80,1428.80,-3.97,-16.18,335.02,485.77,0.78,2.59,0.69,3.77,5.47,4.15,0.29,17.40,4.00
1/12/92,1412.70,1467.90,1358.50,1456.40,1.93,-14.56,334.80,484.91,-0.18,2.41,0.69,3.73,5.40,-1.17,-0.88,18.40,3.70
1/1/93,1452.30,1564.70,1442.10,1564.70,7.44,-8.21,329.01,487.55,0.54,2.96,0.67,3.68,5.45,0.94,0.05,18.20,3.80
1/2/93,1576.10,1579.90,1502.20,1536.50,-1.80,-9.86,329.31,482.56,-1.02,1.91,0.68,3.66,5.36,-1.65,-1.60,19.20,3.60
1/3/93,1538.30,1623.90,1538.30,1620.20,5.45,-4.95,330.08,466.03,-3.43,-1.58,0.71,3.65,5.15,-3.91,-5.45,19.40,3.60
1/4/93,1652.80,1689.70,1623.60,1674.50,3.35,-1.77,342.15,481.01,3.22,1.58,0.71,3.96,5.57,8.03,2.14,19.70,3.50
1/5/93,1676.40,1716.00,1662.00,1685.20,0.64,-1.14,367.18,526.53,9.46,11.20,0.70,4.46,6.40,14.88,17.34,20.50,3.40
1/6/93,1668.70,1762.50,1668.10,1737.40,3.10,1.92,371.89,551.93,4.82,16.56,0.67,4.37,6.49,1.41,18.99,19.50,3.40
1/7/93,1732.80,1742.60,1697.70,1734.60,-0.16,1.76,392.19,579.16,4.93,22.31,0.68,5.02,7.41,14.30,36.01,20.60,3.20
1/8/93,1752.30,1837.10,1752.30,1837.10,5.91,7.77,378.84,558.14,-3.63,17.87,0.68,4.84,7.13,-3.81,30.83,21.00,3.10
1/9/93,1846.70,1961.60,1836.00,1961.60,6.78,15.08,355.28,545.10,-2.33,15.12,0.65,4.22,6.47,-9.20,18.79,19.60,3.20
1/10/93,1977.30,1977.30,1856.50,1919.80,-2.13,12.62,364.18,550.07,0.91,16.17,0.66,4.34,6.56,1.24,20.27,21.10,3.00
1/11/93,1928.80,2070.60,1928.80,2070.60,7.85,21.47,373.83,562.00,2.17,18.69,0.67,4.53,6.81,3.89,24.95,20.30,3.20
1/12/93,2091.70,2091.70,1950.20,1953.70,-5.65,14.61,383.30,569.96,1.42,20.37,0.67,4.97,7.39,8.52,35.59,21.60,2.90
1/1/94,1949.00,2113.60,1949.00,2113.60,8.18,23.99,386.88,555.21,-2.59,17.25,0.70,5.14,7.38,-0.19,35.34,22.80,2.80
1/2/94,2115.40,2244.40,2112.80,2244.40,6.19,31.67,381.91,533.31,-3.95,12.63,0.72,5.25,7.33,-0.61,34.51,19.90,3.00
1/3/94,2244.20,2275.60,2079.00,2112.00,-5.90,23.90,384.13,540.08,1.27,14.06,0.71,5.43,7.63,4.14,40.07,18.50,3.30
1/4/94,2112.00,2112.00,1980.10,1980.10,-6.25,16.16,377.27,526.24,-2.56,11.13,0.72,5.31,7.41,-2.98,35.89,18.50,3.30
1/5/94,1980.60,2048.10,1966.80,2004.20,1.22,17.58,381.41,525.97,-0.05,11.08,0.73,5.42,7.47,0.91,37.13,17.10,3.30
1/6/94,1986.30,2072.10,1928.70,2021.20,0.85,18.57,385.64,525.67,-0.06,11.01,0.73,5.39,7.35,-1.70,34.80,16.50,3.50
1/7/94,2036.50,2036.50,1901.30,1931.10,-4.46,13.29,385.49,524.88,-0.15,10.85,0.73,5.28,7.19,-2.15,31.90,17.00,3.60
1/8/94,1907.80,2021.60,1902.20,2003.50,3.75,17.53,380.35,513.91,-2.09,8.53,0.74,5.19,7.01,-2.46,28.66,17.50,3.30
1/9/94,2025.40,2063.90,1983.50,2063.90,3.01,21.08,391.58,528.05,2.75,11.52,0.74,5.52,7.44,6.15,36.57,16.50,3.60
1/10/94,2047.60,2049.20,1952.30,1967.70,-4.66,15.43,389.77,527.99,-0.01,11.50,0.74,5.46,7.40,-0.64,35.70,16.60,3.60
1/11/94,1970.70,1980.90,1906.50,1980.90,0.67,16.21,384.39,509.21,-3.56,7.54,0.75,5.19,6.88,-7.04,26.14,14.90,3.90
1/12/94,1965.20,1965.20,1800.70,1833.80,-7.43,7.58,379.29,490.18,-3.74,3.52,0.77,4.78,6.18,-10.15,13.34,14.70,3.90
1/1/95,1845.30,1884.00,1790.40,1857.40,1.29,8.96,378.55,495.09,1.00,4.56,0.76,4.77,6.24,0.99,14.46,14.30,4.30
1/2/95,1849.10,1849.10,1784.70,1784.70,-3.91,4.70,376.64,506.13,2.23,6.89,0.74,4.72,6.34,1.67,16.37,14.80,4.10
1/3/95,1789.70,1881.10,1782.30,1881.10,5.40,10.35,382.12,520.09,2.76,9.84,0.73,4.65,6.33,-0.22,16.12,14.60,4.10
1/4/95,1878.10,1880.00,1827.10,1867.10,-0.74,9.53,391.03,531.68,2.23,12.28,0.74,5.50,7.48,18.16,37.20,15.70,3.80
1/5/95,1859.10,2006.50,1859.10,2006.50,7.47,17.71,385.22,529.94,-0.33,11.92,0.73,5.54,7.62,1.91,39.83,15.10,3.90
1/6/95,1997.40,2037.60,1957.10,1981.40,-1.25,16.24,387.56,538.38,1.59,13.70,0.72,5.36,7.45,-2.30,36.61,15.50,4.00
1/7/95,1983.20,2000.50,1928.30,1981.00,-0.02,16.21,386.23,530.98,-1.37,12.14,0.73,5.16,7.09,-4.73,30.15,16.10,3.90
1/8/95,1970.10,2104.00,1970.10,2083.30,5.16,22.22,383.65,517.45,-2.55,9.28,0.74,5.39,7.27,2.48,33.38,15.90,4.00
1/9/95,2087.60,2119.90,2063.60,2094.30,0.53,22.86,383.05,508.13,-1.80,7.31,0.75,5.43,7.20,-0.92,32.16,15.90,4.10
1/10/95,2094.40,2124.10,2075.10,2091.30,-0.14,22.69,383.14,505.85,-0.45,6.83,0.76,5.37,7.09,-1.57,30.08,15.60,4.20
1/11/95,2094.30,2094.30,2018.20,2029.70,-2.95,19.07,385.31,517.13,2.23,9.21,0.75,5.32,7.14,0.71,31.00,15.80,4.10
1/12/95,2010.60,2115.00,2010.60,2113.20,4.11,23.97,387.44,522.96,1.13,10.44,0.74,5.18,6.99,-2.07,28.28,16.30,4.10
1/1/96,2119.10,2182.10,2119.10,2154.90,1.97,26.42,399.45,538.39,2.95,13.70,0.74,5.48,7.39,5.64,35.51,15.59,3.61
1/2/96,2178.60,2227.80,2174.30,2227.80,3.38,30.69,404.76,535.56,-0.52,13.10,0.76,5.65,7.48,1.22,37.16,15.44,3.56
1/3/96,2224.40,2240.40,2178.90,2228.20,0.02,30.72,396.21,513.44,-4.13,8.43,0.77,5.53,7.17,-4.14,31.48,15.31,3.74
1/4/96,2249.80,2258.40,2122.20,2164.00,-2.88,26.95,392.85,499.59,-2.70,5.51,0.79,5.41,6.88,-3.99,26.23,15.74,3.63
1/5/96,2166.80,2258.80,2155.00,2248.70,3.91,31.92,391.93,491.57,-1.60,3.81,0.80,5.37,6.74,-2.10,23.57,15.37,3.73
1/6/96,2247.20,2256.00,2179.40,2198.00,-2.25,28.95,385.27,486.75,-0.98,2.79,0.79,5.16,6.52,-3.21,19.61,15.21,2.80
1/7/96,2161.40,2189.50,2134.00,2171.80,-1.19,27.41,383.47,485.81,-0.19,2.60,0.79,5.06,6.41,-1.67,17.61,14.96,2.83
1/8/96,2175.70,2187.10,2030.40,2114.10,-2.66,24.02,387.35,494.84,1.86,4.50,0.78,5.13,6.55,2.23,20.24,15.68,2.96
1/9/96,2121.40,2220.50,2121.40,2196.10,3.88,28.83,383.14,483.15,-2.36,2.03,0.79,5.04,6.36,-3.02,16.61,15.67,2.85
1/10/96,2185.60,2218.60,2148.60,2218.60,1.02,30.15,381.07,481.18,-0.41,1.62,0.79,4.93,6.23,-2.05,14.21,16.03,3.20
1/11/96,2214.90,2312.80,2214.90,2286.20,3.05,34.12,377.85,474.13,-1.47,0.13,0.80,4.83,6.06,-2.64,11.20,16.45,3.18
1/12/96,2276.10,2327.90,2273.60,2325.90,1.74,36.45,369.00,462.83,-2.38,-2.26,0.80,4.82,6.05,-0.25,10.92,17.08,3.85
1/1/97,2322.80,2367.80,2255.40,2367.80,1.80,38.91,355.10,456.60,-1.35,-3.57,0.78,4.77,6.13,1.45,12.53,17.15,3.93
1/2/97,2355.40,2388.50,2344.80,2370.70,0.12,39.08,346.58,451.21,-1.18,-4.71,0.77,5.07,6.60,7.62,21.10,17.10,3.95
1/3/97,2375.20,2444.00,2355.90,2386.00,0.65,39.97,351.81,446.38,-1.07,-5.73,0.79,5.20,6.60,-0.04,21.05,16.14,3.94
1/4/97,2357.80,2404.90,2321.20,2360.50,-1.07,38.48,344.47,442.22,-0.93,-6.61,0.78,4.77,6.12,-7.19,12.35,16.63,3.91
1/5/97,2293.80,2424.10,2293.80,2424.10,2.69,42.21,343.84,443.85,0.37,-6.26,0.77,4.76,6.14,0.34,12.73,17.40,3.78
1/6/97,2421.30,2544.90,2421.30,2544.90,4.98,49.30,340.76,451.93,1.82,-4.56,0.75,4.76,6.31,2.74,15.82,19.02,2.89
1/7/97,2560.50,2664.70,2532.00,2664.70,4.71,56.32,324.10,436.53,-3.41,-7.81,0.74,4.37,5.89,-6.76,7.99,19.23,2.78
1/8/97,2660.20,2685.80,2577.80,2673.70,0.34,56.85,324.01,437.79,0.29,-7.55,0.74,4.50,6.08,3.30,11.55,18.25,3.15
1/9/97,2663.00,2663.00,2526.80,2526.80,-5.49,48.23,322.82,445.90,1.85,-5.83,0.72,4.73,6.53,7.45,19.87,19.49,3.30
1/10/97,2525.30,2718.20,2515.70,2703.10,6.98,58.58,324.87,450.57,1.05,-4.85,0.72,5.03,6.98,6.78,27.99,17.43,3.94
1/11/97,2716.70,2717.60,2260.90,2415.00,-10.66,41.68,306.04,440.48,-2.24,-6.98,0.69,5.08,7.31,4.81,34.15,17.51,3.87
1/12/97,2454.40,2526.20,2389.10,2424.10,0.38,42.21,288.74,435.23,-1.19,-8.08,0.66,5.79,8.73,19.37,60.13,18.57,3.87
1/1/98,2472.00,2567.40,2448.30,2567.40,5.91,50.62,289.10,440.15,1.13,-7.05,0.66,5.88,8.95,2.57,64.25,19.18,3.78
1/2/98,2560.40,2637.00,2492.00,2600.80,1.30,52.58,297.49,441.43,0.29,-6.78,0.67,6.83,10.13,13.21,85.94,19.21,3.80
1/3/98,2613.60,2630.70,2559.00,2626.90,1.00,54.11,295.94,441.85,0.09,-6.69,0.67,6.24,9.32,-8.07,70.93,18.74,3.63
1/4/98,2629.80,2733.00,2591.80,2686.00,2.25,57.57,308.29,472.45,6.93,-0.22,0.65,6.33,9.70,4.12,77.98,18.74,3.63
1/5/98,2694.10,2828.20,2694.10,2709.00,0.86,58.92,299.10,474.28,0.39,0.16,0.63,5.56,8.82,-9.12,61.76,18.59,3.70
1/6/98,2745.90,2754.80,2625.60,2655.30,-1.98,55.77,292.32,483.36,1.91,2.08,0.60,5.27,8.71,-1.16,59.88,18.01,3.85
1/7/98,2631.50,2631.50,2487.80,2620.10,-1.33,53.71,292.87,473.70,-2.00,0.04,0.62,5.46,8.83,1.34,62.03,17.43,3.75
1/8/98,2655.70,2758.90,2647.10,2661.30,1.57,56.12,284.11,481.50,1.65,1.69,0.59,5.18,8.78,-0.59,61.07,15.98,3.75
1/9/98,2629.00,2636.70,2430.10,2430.10,-8.69,42.56,288.98,490.62,1.89,3.61,0.59,5.00,8.49,-3.31,55.74,17.33,3.94
1/10/98,2405.20,2560.40,2402.80,2511.30,3.34,47.32,295.93,478.84,-2.40,1.12,0.62,5.00,8.09,-4.69,48.44,17.52,3.73
1/11/98,2491.90,2563.00,2377.90,2563.00,2.06,50.36,294.12,463.16,-3.27,-2.19,0.64,4.97,7.83,-3.26,43.59,18.34,3.54
1/12/98,2589.60,2691.40,2589.60,2685.60,4.78,57.55,291.68,470.66,1.62,-0.60,0.62,4.88,7.87,0.61,44.47,18.90,3.46
1/1/99,2646.00,2717.60,2586.90,2717.60,1.19,59.43,287.12,453.90,-3.56,-4.14,0.63,5.15,8.14,3.39,49.37,19.43,3.41
1/2/99,2732.20,2800.40,2704.10,2781.70,2.36,63.19,287.33,448.77,-1.13,-5.23,0.64,5.53,8.64,6.09,58.47,19.15,3.44
1/3/99,2805.00,2823.80,2747.20,2768.40,-0.48,62.41,285.96,453.28,1.01,-4.27,0.63,5.19,8.23,-4.75,50.94,19.77,3.33
1/4/99,2794.10,2896.30,2769.40,2867.00,3.56,68.19,282.62,439.39,-3.07,-7.21,0.64,5.07,7.88,-4.19,44.62,20.70,3.20
1/5/99,2872.70,3067.50,2872.70,3027.80,5.61,77.63,276.44,416.85,-5.13,-11.97,0.66,5.27,7.95,0.82,45.80,19.24,3.31
1/6/99,3001.60,3016.80,2820.70,2831.90,-6.47,66.13,261.31,398.09,-4.50,-15.93,0.66,5.03,7.66,-3.57,40.59,20.14,3.32
1/7/99,2848.60,2955.40,2848.60,2903.70,2.54,70.34,256.08,389.93,-2.05,-17.65,0.66,5.18,7.89,2.93,44.71,19.49,3.45
1/8/99,2939.00,3053.90,2939.00,2951.00,1.63,73.12,256.69,397.84,2.03,-15.98,0.65,5.27,8.17,3.55,49.86,19.58,3.06
1/9/99,2937.10,2992.70,2873.60,2875.70,-2.55,68.70,263.11,407.45,2.42,-13.95,0.65,5.23,8.10,-0.84,48.60,18.98,3.65
1/10/99,2920.50,2939.90,2817.00,2817.00,-2.04,65.26,310.72,476.89,17.04,0.71,0.65,5.41,8.30,2.52,52.34,19.81,3.66
1/11/99,2848.80,2871.10,2722.30,2821.40,0.16,65.52,293.18,458.88,-3.78,-3.09,0.64,5.16,8.08,-2.73,48.18,23.29,4.18
1/12/99,2834.30,3021.40,2833.20,2970.30,5.28,74.25,283.07,442.40,-3.59,-6.57,0.64,5.16,8.06,-0.15,47.96,23.16,3.26
1/1/00,2976.30,3117.70,2976.30,3117.70,4.96,82.90,284.32,432.54,-2.23,-8.65,0.66,5.19,7.90,-2.09,44.86,22.37,3.38
1/2/00,3093.70,3160.80,2999.30,3080.20,-1.20,80.70,299.86,477.53,10.40,0.85,0.63,5.25,8.36,5.89,53.40,19.69,3.46
1/3/00,3072.30,3192.30,3072.30,3124.60,1.44,83.30,286.39,469.91,-1.60,-0.76,0.61,5.06,8.30,-0.70,52.33,21.54,3.35
1/4/00,3187.20,3276.40,3133.25,3133.25,0.28,83.81,279.91,468.96,-0.20,-0.96,0.60,5.07,8.49,2.31,55.84,19.77,3.35
1/5/00,3133.30,3201.90,2901.80,3115.80,-0.56,82.79,275.19,476.03,1.51,0.53,0.58,4.99,8.63,1.62,58.37,18.26,3.70
1/6/00,3115.80,3132.00,2985.50,3081.00,-1.12,80.75,285.73,480.12,0.86,1.39,0.60,5.00,8.40,-2.67,54.15,19.44,3.55
1/7/00,3081.00,3313.90,3066.70,3311.18,7.47,94.25,281.59,479.14,-0.20,1.19,0.59,4.97,8.46,0.66,55.16,19.37,3.25
1/8/00,3311.20,3337.40,3226.90,3251.09,-1.81,90.72,274.47,471.86,-1.52,-0.35,0.58,4.88,8.39,-0.80,53.92,18.69,3.30
1/9/00,3251.10,3386.90,3240.70,3297.83,1.44,93.47,273.68,494.09,4.71,4.35,0.55,4.89,8.83,5.23,61.97,18.61,3.38
1/10/00,3297.80,3356.50,3176.10,3298.81,0.03,93.52,270.00,510.60,3.34,7.83,0.53,4.83,9.13,3.46,67.58,18.20,3.35
1/11/00,3298.80,3330.70,3180.30,3254.63,-1.34,90.93,266.01,509.36,-0.24,7.57,0.52,4.68,8.96,-1.89,64.42,18.86,3.41
1/12/00,3254.60,3381.50,3254.50,3274.59,0.61,92.10,271.45,498.00,-2.23,5.17,0.55,4.64,8.51,-5.01,56.18,18.63,3.42
1/1/01,3274.60,3349.00,3171.70,3206.17,-2.09,88.09,265.49,478.41,-3.93,1.03,0.55,4.66,8.40,-1.35,54.07,20.61,3.32
1/2/01,3206.20,3347.80,3206.20,3341.74,4.23,96.04,261.87,490.60,2.55,3.61,0.53,4.55,8.52,1.51,56.40,19.92,3.40
1/3/01,3341.70,3364.60,3278.20,3326.48,-0.46,95.15,263.03,522.53,6.51,10.35,0.50,4.40,8.74,2.54,60.37,17.62,3.68
1/4/01,3326.50,3370.90,3138.20,3147.23,-5.39,84.63,260.48,520.08,-0.47,9.83,0.50,4.37,8.73,-0.18,60.08,19.81,3.39
1/5/01,3147.20,3333.90,3147.20,3329.41,5.79,95.32,272.35,523.36,0.63,10.53,0.52,4.43,8.51,-2.43,56.19,19.65,3.39
1/6/01,3329.40,3444.70,3321.70,3379.11,1.49,98.23,270.23,521.58,-0.34,10.15,0.52,4.36,8.42,-1.15,54.40,19.29,3.18
1/7/01,3379.10,3490.30,3377.80,3490.30,3.29,104.76,267.53,525.38,0.73,10.95,0.51,4.25,8.35,-0.82,53.13,16.87,3.43
1/8/01,3490.30,3490.30,3282.70,3324.52,-4.75,95.03,272.39,519.63,-1.09,9.74,0.52,4.20,8.01,-4.00,47.00,16.91,3.56
1/9/01,3324.50,3424.90,3275.40,3275.75,-1.47,92.17,283.30,561.01,7.96,18.48,0.50,4.35,8.61,7.51,58.04,16.00,3.77
1/10/01,3275.60,3295.10,2882.60,3049.43,-6.91,78.89,282.99,561.09,0.01,18.49,0.50,4.40,8.72,1.27,60.06,16.63,3.65
1/11/01,3049.50,3286.10,3049.50,3249.81,6.57,90.65,276.16,534.53,-4.73,12.89,0.52,4.12,7.97,-8.59,46.31,17.80,3.58
1/12/01,3249.60,3370.50,3222.20,3337.45,2.70,95.79,275.85,536.11,0.29,13.22,0.51,4.35,8.45,6.01,55.11,17.41,3.57
1/1/02,3337.50,3440.60,3288.40,3422.32,2.54,100.77,281.51,544.85,1.63,15.06,0.52,4.51,8.73,3.25,60.15,19.40,3.47
1/2/02,3422.30,3468.90,3377.30,3464.17,1.22,103.22,295.50,576.25,5.76,21.70,0.51,4.42,8.62,-1.25,58.14,19.85,3.48
1/3/02,3464.20,3506.10,3402.50,3414.34,-1.44,100.30,294.05,560.07,-2.81,18.28,0.53,4.53,8.63,0.10,58.30,19.91,3.57
1/4/02,3414.30,3499.90,3382.10,3414.77,0.01,100.33,302.68,565.25,0.93,19.37,0.54,4.57,8.53,-1.09,56.58,19.79,3.59
1/5/02,3414.80,3424.60,3337.50,3350.02,-1.90,96.53,314.49,571.03,1.02,20.59,0.55,4.71,8.55,0.21,56.91,19.67,3.53
1/6/02,3350.00,3420.00,3295.90,3373.60,0.70,97.91,321.18,565.74,-0.93,19.48,0.57,4.89,8.61,0.72,58.03,18.97,3.65
1/7/02,3373.60,3388.20,3174.00,3215.96,-4.67,88.66,313.29,566.18,0.08,19.57,0.55,4.91,8.87,3.02,62.80,18.33,3.82
1/8/02,3216.00,3259.00,2982.10,3086.20,-4.03,81.05,310.25,573.17,1.24,21.05,0.54,4.55,8.41,-5.27,54.23,18.50,3.83
1/9/02,3086.20,3202.90,2955.70,3120.13,1.10,83.04,319.14,583.79,1.85,23.29,0.55,4.55,8.32,-0.99,52.71,16.94,4.11
1/10/02,3120.10,3156.71,2953.20,2970.88,-4.78,74.29,316.56,575.26,-1.46,21.49,0.55,4.40,8.00,-3.93,46.70,16.04,4.18
1/11/02,2970.90,3043.00,2883.50,3042.93,2.43,78.51,319.19,568.38,-1.20,20.03,0.56,4.51,8.03,0.44,47.34,15.29,4.28
1/12/02,3042.90,3079.70,2950.70,3061.41,0.61,79.60,331.92,589.88,3.78,24.58,0.56,4.63,8.23,2.46,50.97,15.11,4.28
1/1/03,3061.40,3083.82,2945.90,3007.11,-1.77,76.41,356.86,611.89,3.73,29.22,0.58,4.81,8.25,0.23,51.32,14.98,4.33
1/2/03,3007.10,3094.10,2929.10,2956.92,-1.67,73.47,358.97,603.27,-1.41,27.40,0.60,4.65,7.81,-5.25,43.38,14.46,4.63
1/3/03,2956.90,2969.20,2794.40,2800.91,-5.28,64.31,340.54,565.73,-6.22,19.47,0.60,4.53,7.53,-3.70,38.07,14.79,4.58
1/4/03,2800.90,2911.90,2693.30,2885.16,3.01,69.26,328.18,538.55,-4.80,13.73,0.61,4.49,7.37,-2.09,35.19,15.62,4.43
1/5/03,2885.20,3023.70,2865.90,3007.51,4.24,76.43,355.69,549.41,2.02,16.03,0.65,4.74,7.32,-0.63,34.33,15.02,4.39
1/6/03,3007.50,3026.10,2917.90,3010.99,0.12,76.64,356.35,535.87,-2.46,13.17,0.66,4.53,6.81,-6.96,24.98,15.26,4.30
1/7/03,3011.00,3124.60,3011.00,3026.87,0.53,77.57,351.02,530.32,-1.04,12.00,0.66,4.80,7.25,6.46,33.05,15.71,4.25
1/8/03,3025.80,3131.80,3003.80,3122.27,3.15,83.17,359.77,552.02,4.09,16.58,0.65,4.99,7.66,5.58,40.47,16.38,4.18
1/9/03,3122.30,3210.70,3120.10,3199.71,2.48,87.71,378.95,572.31,3.68,20.86,0.66,5.17,7.81,1.98,43.25,16.05,4.02
1/10/03,3199.70,3247.40,3157.50,3169.54,-0.94,85.94,378.96,545.39,-4.70,15.18,0.69,5.00,7.20,-7.84,32.02,16.54,3.93
1/11/03,3169.50,3311.80,3153.00,3272.01,3.23,91.95,389.91,544.09,-0.24,14.90,0.72,5.18,7.23,0.45,32.62,16.23,4.03
1/12/03,3272.00,3276.30,3158.80,3186.39,-2.62,86.93,406.95,551.34,1.33,16.44,0.74,5.62,7.61,5.34,39.70,16.40,3.88
1/1/04,3186.40,3302.00,3162.50,3299.77,3.56,93.58,413.79,536.94,-2.61,13.39,0.77,6.32,8.20,7.71,50.46,16.31,3.87
1/2/04,3299.80,3346.20,3258.30,3272.00,-0.84,91.95,404.88,520.86,-2.99,10.00,0.78,6.44,8.28,1.02,52.00,15.82,3.79
1/3/04,3272.00,3360.90,3252.90,3360.60,2.71,97.15,406.67,542.46,4.15,14.56,0.75,7.23,9.64,16.41,76.94,15.04,3.78
1/4/04,3360.60,3456.10,3360.60,3415.26,1.63,100.36,403.46,543.17,0.13,14.71,0.74,7.06,9.50,-1.45,74.38,15.11,3.86
1/5/04,3415.30,3469.20,3378.60,3400.79,-0.42,99.51,383.75,545.50,0.43,15.20,0.70,5.85,8.32,-12.51,52.57,15.14,3.85
1/6/04,3400.80,3467.60,3341.00,3460.21,1.75,102.99,392.36,565.14,3.60,19.35,0.69,5.86,8.44,1.50,54.86,15.78,3.67
1/7/04,3460.20,3556.40,3453.60,3532.89,2.10,107.26,398.09,556.09,-1.60,17.44,0.72,6.31,8.81,4.43,61.72,15.52,3.92
1/8/04,3532.90,3568.70,3478.20,3536.14,0.09,107.45,400.51,562.55,1.16,18.80,0.71,6.66,9.35,6.13,71.63,14.98,3.80
1/9/04,3536.10,3568.70,3467.10,3552.69,0.47,108.42,405.25,577.17,2.60,21.89,0.70,6.40,9.12,-2.56,67.24,15.27,3.72
1/10/04,3553.70,3673.10,3553.70,3665.04,3.16,115.01,420.46,573.08,-0.71,21.03,0.73,7.10,9.68,6.17,77.55,15.88,3.57
1/11/04,3665.00,3779.50,3654.60,3778.64,3.10,121.67,439.39,569.93,-0.55,20.36,0.77,7.49,9.72,0.39,78.25,16.01,3.74
1/12/04,3778.60,3943.60,3777.90,3931.32,4.04,130.63,442.07,577.51,1.33,21.96,0.77,7.10,9.28,-4.53,70.18,16.49,3.67
1/1/05,3931.30,4055.00,3877.10,4050.60,3.03,137.63,424.03,554.15,-4.05,17.03,0.77,6.61,8.64,-6.87,58.49,16.98,3.61
1/2/05,4050.60,4121.00,4026.10,4107.25,1.40,140.95,423.35,541.99,-2.19,14.46,0.78,7.03,9.00,4.19,65.13,15.13,3.77
1/3/05,4107.30,4195.60,4096.90,4172.75,1.59,144.79,434.32,552.35,1.91,16.65,0.79,7.26,9.23,2.59,69.40,14.86,3.85
1/4/05,4172.80,4266.90,4059.50,4109.83,-1.51,141.10,429.23,555.21,0.52,17.25,0.77,7.12,9.21,-0.25,68.97,14.33,4.00
1/5/05,4109.80,4165.60,3958.30,3983.17,-3.08,133.67,421.87,551.03,-0.75,16.37,0.77,7.02,9.17,-0.44,68.23,14.29,4.00
1/6/05,3983.20,4142.50,3926.60,4106.44,3.09,140.90,430.55,561.52,1.90,18.59,0.77,7.31,9.53,3.98,74.92,15.22,3.80
1/7/05,4106.40,4321.70,4098.80,4277.49,4.17,150.94,424.48,564.17,0.47,19.14,0.75,7.01,9.32,-2.27,70.94,15.57,3.72
1/8/05,4277.50,4398.80,4213.60,4388.83,2.60,157.47,437.93,574.87,1.90,21.40,0.76,7.04,9.24,-0.81,69.55,15.95,3.44
1/9/05,4388.80,4502.20,4361.40,4446.78,1.32,160.87,456.04,595.78,3.64,25.82,0.77,7.15,9.34,1.08,71.38,16.02,3.70
1/10/05,4446.80,4679.10,4440.90,4641.16,4.37,172.27,469.90,623.53,4.66,31.68,0.75,7.67,10.18,8.96,86.73,15.26,3.83
1/11/05,4641.20,4654.30,4311.10,4459.67,-3.91,161.63,476.68,648.36,3.98,36.92,0.74,7.87,10.70,5.18,96.40,15.49,3.77
1/12/05,4459.70,4680.10,4441.80,4634.81,3.93,171.90,510.10,685.09,5.66,44.68,0.74,8.64,11.60,8.40,112.90,15.97,3.69
1/1/06,4634.80,4775.80,4549.30,4763.37,2.77,179.44,549.86,733.01,7.00,54.80,0.75,9.15,12.20,5.12,123.79,16.48,3.57
1/2/06,4763.40,4964.10,4751.10,4929.56,3.49,189.19,555.00,748.55,2.12,58.08,0.74,9.53,12.85,5.38,135.82,14.70,3.76
1/3/06,4929.60,4982.60,4790.80,4921.35,-0.17,188.71,557.09,767.30,2.50,62.04,0.73,10.38,14.30,11.23,162.30,15.74,3.64
1/4/06,4921.30,5139.50,4844.80,5129.71,4.23,200.93,610.65,828.35,7.96,74.94,0.74,12.61,17.11,19.65,213.84,16.17,3.54
1/5/06,5129.70,5336.60,5122.10,5258.80,2.52,208.51,675.41,883.77,6.69,86.64,0.76,13.45,17.60,2.89,222.90,15.15,3.77
1/6/06,5258.80,5406.70,4976.77,5001.67,-4.89,193.42,596.15,805.92,-8.81,70.20,0.74,10.80,14.60,-17.04,167.87,15.34,3.79
1/7/06,5001.70,5120.02,4758.30,5073.88,1.44,197.66,633.73,842.13,4.49,77.85,0.75,11.23,14.92,2.21,173.79,15.22,3.82
1/8/06,5073.90,5146.60,4899.90,4986.00,-1.73,192.50,632.61,828.74,-1.59,75.02,0.76,12.18,15.96,6.92,192.75,13.30,3.88
1/9/06,4986.00,5115.44,4919.50,5115.44,2.60,200.10,598.19,791.84,-4.45,67.22,0.76,11.68,15.46,-3.10,183.67,13.33,3.86
1/10/06,5115.40,5164.20,4961.30,5154.08,0.76,202.36,585.78,777.20,-1.85,64.13,0.75,11.56,15.34,-0.80,181.40,13.90,3.73
1/11/06,5154.10,5409.90,5142.70,5384.38,4.47,215.87,627.83,812.79,4.58,71.65,0.77,12.93,16.74,9.14,207.12,13.83,3.88
1/12/06,5384.40,5496.30,5322.40,5482.06,1.81,221.60,629.79,801.43,-1.40,69.25,0.79,13.36,17.00,1.56,211.92,14.38,3.73
1/1/07,5482.10,5684.40,5411.00,5669.87,3.43,232.62,631.17,806.41,0.62,70.30,0.78,12.79,16.34,-3.88,199.81,14.66,3.67
1/2/07,5669.90,5829.30,5499.00,5773.38,1.83,238.69,664.75,849.29,5.32,79.36,0.78,13.91,17.77,8.75,226.06,13.93,3.79
1/3/07,5773.40,6052.10,5773.40,5832.53,1.02,242.16,654.90,825.90,-2.75,74.42,0.79,13.18,16.62,-6.47,204.96,14.16,3.71
1/4/07,5832.50,5998.90,5641.10,5995.05,2.79,251.70,679.37,820.08,-0.70,73.19,0.83,13.74,16.59,-0.21,204.30,14.58,3.62
1/5/07,5995.00,6265.20,5915.80,6166.02,2.85,261.73,666.85,807.98,-1.48,70.63,0.83,13.15,15.93,-3.94,192.33,14.91,3.55
1/6/07,6166.00,6384.10,6134.20,6313.50,2.39,270.38,655.46,778.17,-3.69,64.34,0.84,13.14,15.60,-2.09,186.22,15.14,3.29
1/7/07,6313.50,6409.20,6170.20,6274.93,-0.61,268.12,665.30,767.12,-1.42,62.00,0.87,12.91,14.89,-4.58,173.11,15.27,3.34
1/8/07,6274.90,6436.70,6044.30,6144.17,-2.08,260.45,665.41,803.65,4.76,69.72,0.83,12.36,14.93,0.28,173.88,13.61,3.64
1/9/07,6144.20,6247.20,5483.30,6247.20,1.68,266.49,712.65,841.92,4.76,77.80,0.85,12.83,15.16,1.54,178.09,14.38,3.42
1/10/07,6247.20,6594.40,6146.50,6567.75,5.13,285.30,754.60,839.34,-0.31,77.26,0.90,13.67,15.21,0.32,178.97,14.91,3.36
1/11/07,6567.80,6800.20,6542.90,6754.15,2.84,296.23,808.98,900.72,7.31,90.22,0.90,14.70,16.37,7.64,200.29,14.25,3.56
1/12/07,6754.10,6851.50,6312.60,6533.15,-3.27,283.27,803.20,920.83,2.23,94.47,0.87,14.30,16.39,0.17,200.79,13.99,3.66
1/1/08,6533.10,6684.40,6105.10,6339.84,-2.96,271.93,887.93,1009.13,9.59,113.11,0.88,15.96,18.14,10.64,232.79,12.41,4.09
1/2/08,6339.80,6385.70,5186.80,5650.27,-10.88,231.47,922.30,1010.08,0.09,113.31,0.91,17.57,19.24,6.09,253.04,12.00,4.11
1/3/08,5650.30,6022.00,5490.40,5572.09,-1.38,226.89,968.41,1047.56,3.71,121.23,0.92,19.51,21.10,9.68,287.21,12.47,4.21
1/4/08,5572.10,5572.10,5039.60,5355.69,-3.88,214.19,909.70,977.81,-6.66,106.50,0.93,17.50,18.81,-10.87,245.12,12.54,4.16
1/5/08,5355.70,5672.70,5301.00,5595.41,4.48,228.25,888.66,936.29,-4.25,97.73,0.95,17.05,17.96,-4.50,229.59,12.52,4.13
1/6/08,5595.40,5980.80,5538.70,5654.70,1.06,231.73,889.49,935.25,-0.11,97.51,0.95,16.97,17.84,-0.67,227.37,11.34,4.49
1/7/08,5654.70,5681.50,5144.70,5215.31,-7.77,205.96,939.77,976.59,4.42,106.24,0.96,18.03,18.74,5.01,243.76,11.00,4.66
1/8/08,5215.30,5231.90,4787.50,4977.37,-4.56,192.00,839.03,950.17,-2.71,100.66,0.88,14.69,16.64,-11.21,205.22,11.39,4.83
1/9/08,4977.40,5146.30,4758.50,5135.57,3.18,201.28,829.93,1014.16,6.73,114.18,0.82,12.37,15.12,-9.14,177.34,10.27,4.89
1/10/08,5135.60,5177.20,4527.40,4600.52,-10.42,169.89,806.62,1177.16,16.07,148.60,0.69,10.41,15.19,0.50,178.73,8.55,6.51
1/11/08,4600.50,4832.50,3724.80,4017.96,-12.66,135.71,760.86,1158.07,-1.62,144.57,0.66,9.87,15.02,-1.12,175.62,8.46,6.71
1/12/08,4018.00,4340.50,3217.50,3742.52,-6.86,119.55,816.09,1218.76,5.24,157.38,0.67,10.29,15.37,2.29,181.94,8.90,6.33
1/1/09,3742.50,3742.50,3474.10,3722.31,-0.54,118.37,858.69,1275.12,4.62,169.29,0.67,11.29,16.77,9.10,207.59,8.19,6.87
1/2/09,3723.90,3817.90,3342.70,3540.71,-4.88,107.72,943.16,1452.18,13.89,206.68,0.65,13.41,20.65,23.16,278.82,8.70,6.75
1/3/09,3519.40,3578.70,3296.20,3344.51,-5.54,96.20,924.27,1388.45,-4.39,193.22,0.67,13.12,19.71,-4.54,261.60,9.29,6.06
1/4/09,3329.40,3706.60,3120.80,3582.15,7.11,110.15,890.20,1246.38,-10.23,163.22,0.71,12.51,17.52,-11.13,221.36,9.82,5.63
1/5/09,3583.60,3851.20,3550.90,3780.46,5.54,121.78,928.64,1212.80,-2.69,156.13,0.77,14.03,18.32,4.61,236.18,10.41,5.26
1/6/09,3771.40,3960.40,3714.90,3817.97,0.99,123.98,945.58,1178.84,-2.80,148.95,0.80,14.65,18.26,-0.32,235.09,10.34,5.21
1/7/09,3826.40,4079.40,3767.90,3954.89,3.59,132.01,934.23,1161.00,-1.51,145.19,0.80,13.36,16.60,-9.09,204.62,10.91,4.92
1/8/09,3939.50,4247.90,3709.20,4243.98,7.31,148.97,949.38,1137.09,-2.06,140.14,0.83,14.35,17.19,3.52,215.34,13.55,3.98
1/9/09,4245.90,4537.20,4244.60,4479.13,5.54,162.77,996.59,1156.42,1.70,144.22,0.86,16.39,19.02,10.66,248.94,14.13,3.82
1/10/09,4476.60,4767.90,4410.00,4743.64,5.91,178.28,1043.16,1150.68,-0.50,143.01,0.91,17.24,19.02,-0.01,248.91,13.73,3.93
1/11/09,4738.80,4895.30,4562.50,4643.23,-2.12,172.39,1127.04,1225.32,6.49,158.77,0.92,17.82,19.37,1.88,255.46,14.75,3.70
1/12/09,4611.00,4799.00,4502.50,4701.35,1.25,175.80,1134.72,1254.88,2.41,165.01,0.90,17.67,19.54,0.86,258.52,15.17,3.58
1/1/10,4696.90,4873.60,4596.20,4870.64,3.60,185.74,1117.96,1223.54,-2.50,158.40,0.91,17.79,19.47,-0.36,257.22,14.49,3.69
1/2/10,4864.90,4955.10,4566.70,4569.62,-6.18,168.08,1095.41,1236.29,1.04,161.09,0.89,15.87,17.91,-8.01,228.62,15.98,3.48
1/3/10,4569.90,4718.31,4464.90,4637.72,1.49,172.07,1113.34,1220.29,-1.29,157.71,0.91,17.11,18.75,4.70,244.08,17.16,3.34
1/4/10,4633.10,4928.90,4633.10,4875.52,5.13,186.02,1148.69,1239.17,1.55,161.70,0.93,18.10,19.53,4.12,258.24,16.69,3.47
1/5/10,4880.00,5025.10,4779.30,4807.37,-1.40,182.02,1205.43,1390.60,12.22,193.67,0.87,18.42,21.25,8.83,289.87,15.52,3.74
1/6/10,4782.80,4804.50,4175.70,4429.67,-7.86,159.87,1232.92,1446.00,3.98,205.37,0.85,18.45,21.64,1.83,297.01,15.15,3.84
1/7/10,4430.60,4622.00,4249.50,4301.50,-2.89,152.35,1192.97,1362.37,-5.78,187.71,0.88,17.96,20.51,-5.21,276.30,15.72,3.70
1/8/10,4284.60,4531.60,4182.30,4493.48,4.46,163.61,1215.81,1351.48,-0.80,185.41,0.90,18.36,20.41,-0.49,274.44,15.24,3.99
1/9/10,4495.10,4598.70,4313.90,4404.23,-1.99,158.37,1270.98,1353.90,0.18,185.92,0.94,20.55,21.89,7.26,301.63,16.05,3.82
1/10/10,4413.30,4698.00,4413.30,4582.91,4.06,168.86,1342.02,1367.09,0.97,188.71,0.98,23.39,23.83,8.84,337.16,16.14,3.93
1/11/10,4593.10,4725.90,4559.00,4661.60,1.72,173.47,1369.89,1385.81,1.37,192.66,0.99,26.54,26.85,12.68,392.59,15.14,4.05
1/12/10,4665.70,4815.00,4551.20,4584.43,-1.66,168.94,1390.55,1403.72,1.29,196.45,0.99,29.35,29.63,10.35,443.59,15.91,3.90
1/1/11,4581.40,4811.90,4557.00,4745.24,3.51,178.38,1356.40,1363.58,-2.86,187.97,0.99,28.40,28.55,-3.64,423.82,15.90,3.92
1/2/11,4758.30,4839.20,4686.50,4753.92,0.18,178.89,1372.73,1361.25,-0.17,187.48,1.01,30.78,30.52,6.91,460.00,15.29,3.92
1/3/11,4759.10,4944.40,4751.80,4831.66,1.64,183.45,1424.01,1408.70,3.49,197.50,1.01,35.81,35.42,16.06,549.95,15.05,3.90
1/4/11,4839.70,4864.30,4477.40,4837.88,0.13,183.81,1473.81,1396.17,-0.89,194.85,1.06,41.97,39.76,12.23,629.47,14.84,3.99
1/5/11,4836.10,4976.40,4788.60,4823.24,-0.30,182.95,1510.44,1417.13,1.50,199.28,1.07,36.75,34.48,-13.28,532.61,14.32,4.08
1/6/11,4826.30,4835.50,4582.70,4708.30,-2.38,176.21,1528.66,1440.51,1.65,204.21,1.06,35.80,33.74,-2.16,518.95,13.89,4.23
1/7/11,4711.30,4724.80,4451.70,4607.97,-2.13,170.33,1572.81,1459.79,1.34,208.29,1.08,37.92,35.20,4.33,545.73,13.37,4.38
1/8/11,4612.20,4657.40,4421.10,4424.65,-3.98,159.57,1755.81,1673.32,14.63,253.38,1.05,40.30,38.41,9.12,604.65,12.26,4.51
1/9/11,4440.90,4517.40,3765.90,4296.55,-2.90,152.06,1771.84,1730.79,3.43,265.52,1.02,38.15,37.27,-2.97,583.73,11.26,4.90
1/10/11,4297.90,4354.60,3862.40,4008.60,-6.70,135.16,1665.21,1641.09,-5.18,246.57,1.01,31.97,31.51,-15.45,478.06,12.00,4.60
1/11/11,3990.60,4417.60,3840.20,4298.12,7.22,152.15,1738.98,1721.73,4.91,263.60,1.01,33.08,32.75,3.95,500.90,11.81,4.76
1/12/11,4278.10,4365.00,3973.80,4119.82,-4.15,141.69,1652.31,1633.27,-5.14,244.92,1.01,30.41,30.06,-8.22,451.51,12.11,4.81
1/1/12,4119.80,4335.20,4038.10,4056.56,-1.54,137.98,1656.12,1591.05,-2.58,236.01,1.04,30.77,29.56,-1.66,442.36,12.58,4.64
1/2/12,4069.30,4315.60,4069.10,4262.68,5.08,150.07,1742.62,1623.33,2.03,242.82,1.07,34.14,31.80,7.58,483.49,12.49,4.64
1/3/12,4259.60,4318.80,4170.20,4298.55,0.84,152.17,1673.77,1590.32,-2.03,235.85,1.05,32.95,31.31,-1.56,474.40,12.94,4.58
1/4/12,4298.50,4361.10,4143.66,4335.24,0.85,154.33,1650.07,1593.67,0.21,236.56,1.04,31.55,30.47,-2.67,459.07,13.36,4.47
1/5/12,4348.80,4397.90,4246.10,4396.58,1.41,157.92,1585.50,1590.66,-0.19,235.92,1.00,28.67,28.76,-5.61,427.72,12.57,4.82
1/6/12,4396.60,4448.50,4024.80,4076.26,-7.29,139.13,1596.70,1595.17,0.28,236.88,1.00,28.05,28.02,-2.57,414.14,12.59,4.79
1/7/12,4075.80,4159.30,3985.00,4094.63,0.45,140.21,1593.91,1548.06,-2.95,226.93,1.03,27.43,26.64,-4.93,388.79,12.81,4.72
1/8/12,4098.00,4288.10,4062.30,4269.15,4.26,150.45,1626.03,1552.22,0.27,227.81,1.05,28.70,27.40,2.84,402.66,14.26,4.58
1/9/12,4269.20,4403.90,4212.70,4316.11,1.10,153.20,1744.45,1678.09,8.11,254.39,1.04,33.61,32.33,18.01,493.19,14.38,4.50
1/10/12,4310.00,4421.00,4261.20,4387.02,1.64,157.36,1747.14,1696.85,1.12,258.35,1.03,33.16,32.21,-0.39,490.88,14.79,4.45
1/11/12,4387.00,4581.80,4375.00,4517.00,2.96,164.99,1721.24,1654.63,-2.49,249.43,1.04,32.77,31.50,-2.19,477.97,14.64,4.49
1/12/12,4517.00,4519.30,4334.30,4506.04,-0.24,164.35,1682.88,1610.67,-2.66,240.15,1.04,31.96,30.59,-2.90,461.21,15.59,4.33
1/1/13,4506.00,4688.60,4500.20,4648.95,3.17,172.73,1670.95,1591.46,-1.19,236.09,1.05,31.11,29.63,-3.13,443.63,16.42,4.11
1/2/13,4648.90,4906.20,4648.90,4878.78,4.94,186.21,1627.59,1578.69,-0.80,233.40,1.03,30.33,29.42,-0.71,439.75,17.21,3.99
1/3/13,4878.80,5112.50,4869.50,5104.08,4.62,199.43,1592.86,1540.14,-2.44,225.26,1.03,28.80,27.85,-5.34,410.91,17.01,4.06
1/4/13,5104.10,5163.50,4927.90,4966.50,-2.70,191.36,1485.08,1430.41,-7.12,202.08,1.04,25.20,24.27,-12.84,345.33,17.64,3.92
1/5/13,4966.50,5195.10,4883.70,5191.22,4.52,204.54,1413.88,1427.75,-0.19,201.52,0.99,23.01,23.24,-4.27,326.31,16.99,4.09
1/6/13,5187.30,5249.60,4897.90,4926.57,-5.10,189.02,1342.36,1422.24,-0.39,200.36,0.94,21.11,22.37,-3.74,310.36,16.52,4.21
1/7/13,4926.60,4933.30,4632.30,4802.59,-2.52,181.74,1286.72,1405.13,-1.20,196.74,0.92,19.71,21.52,-3.77,294.90,17.29,4.00
1/8/13,4802.60,5098.50,4702.70,5051.98,5.19,196.37,1347.10,1490.97,6.11,214.87,0.90,21.84,24.17,12.31,343.50,16.18,4.00
1/9/13,5052.00,5168.20,5007.90,5134.96,1.64,201.24,1348.80,1452.94,-2.55,206.84,0.93,22.56,24.30,0.54,345.87,16.80,4.21
1/10/13,5135.00,5314.30,5115.10,5218.88,1.63,206.16,1316.18,1383.17,-4.80,192.11,0.95,21.92,23.04,-5.21,322.64,16.92,4.09
1/11/13,5218.90,5457.30,5118.90,5425.50,3.96,218.29,1275.82,1369.26,-1.01,189.17,0.93,20.76,22.28,-3.28,308.78,16.56,4.19
1/12/13,5425.50,5439.20,5284.90,5320.05,-1.94,212.10,1225.40,1363.07,-0.45,187.86,0.90,19.61,21.81,-2.10,300.21,16.72,4.19
1/1/14,5320.00,5367.40,5028.20,5352.21,0.60,213.99,1244.80,1405.62,3.12,196.85,0.89,19.91,22.48,3.07,312.49,16.26,4.29
1/2/14,5352.20,5383.40,5158.90,5190.00,-3.03,204.47,1300.98,1449.59,3.13,206.13,0.90,20.83,23.21,3.23,325.83,16.10,4.06
1/3/14,5190.00,5461.70,5052.20,5404.82,4.14,217.07,1336.08,1470.61,1.45,210.57,0.91,20.74,22.83,-1.64,318.84,15.90,4.26
1/4/14,5404.80,5462.31,5288.50,5394.83,-0.18,216.49,1299.00,1394.76,-5.16,194.55,0.93,19.71,21.16,-7.30,288.28,16.19,4.19
1/5/14,5394.80,5554.50,5350.50,5489.07,1.75,222.02,1287.53,1383.55,-0.80,192.19,0.93,19.36,20.80,-1.70,281.69,16.07,4.23
1/6/14,5489.10,5541.70,5372.10,5492.55,0.06,222.22,1279.10,1365.98,-1.27,188.47,0.94,19.78,21.12,1.54,287.55,15.74,4.30
1/7/14,5484.10,5526.00,5373.60,5395.75,-1.76,216.54,1310.97,1396.53,2.24,194.93,0.94,20.92,22.29,5.50,308.87,16.48,4.11
1/8/14,5395.70,5644.20,5370.90,5632.91,4.40,230.45,1295.99,1391.95,-0.33,193.96,0.93,19.80,21.27,-4.57,290.17,16.23,4.22
1/9/14,5632.90,5679.50,5425.20,5625.90,-0.12,230.04,1238.82,1368.15,-1.71,188.93,0.91,18.49,20.42,-3.98,274.65,15.20,4.52
1/10/14,5625.90,5672.70,5253.10,5292.81,-5.92,210.50,1222.49,1392.82,1.80,194.14,0.88,17.19,19.59,-4.09,259.33,16.00,4.25
1/11/14,5292.80,5526.60,5122.00,5526.60,4.42,224.22,1176.30,1360.98,-2.29,187.42,0.86,15.97,18.48,-5.66,239.01,15.02,4.41
1/12/14,5526.60,5550.30,5292.90,5313.00,-3.86,211.69,1200.96,1454.62,6.88,207.19,0.83,16.24,19.67,6.46,260.89,15.39,4.48
1/1/15,5313.00,5486.70,5142.80,5411.02,1.84,217.44,1251.85,1550.80,6.61,227.51,0.81,17.10,21.18,7.69,288.66,15.72,4.38
1/2/15,5411.00,5619.50,5267.40,5588.32,3.28,227.84,1227.19,1575.14,1.57,232.65,0.78,16.84,21.61,2.04,296.57,15.72,4.18
1/3/15,5588.30,5955.50,5588.30,5928.77,6.09,247.81,1178.63,1525.67,-3.14,222.20,0.77,16.22,21.00,-2.86,285.22,15.57,4.21
1/4/15,5928.80,5996.90,5748.70,5891.50,-0.63,245.62,1197.91,1546.80,1.38,226.66,0.77,16.32,21.07,0.37,286.63,16.86,4.21
1/5/15,5891.50,5996.40,5749.90,5789.98,-1.72,239.67,1199.05,1519.24,-1.78,220.84,0.79,16.80,21.29,1.01,290.54,15.86,4.50
1/6/15,5790.00,5901.80,5574.60,5777.16,-0.22,238.92,1181.50,1532.19,0.85,223.58,0.77,16.10,20.88,-1.91,283.07,15.40,4.62
1/7/15,5777.20,5777.20,5390.50,5459.00,-5.51,220.25,1130.04,1524.57,-0.50,221.97,0.74,15.07,20.33,-2.62,273.02,15.77,4.50
1/8/15,5459.00,5718.90,5383.70,5699.20,4.40,234.34,1117.48,1530.69,0.40,223.26,0.73,14.94,20.46,0.65,275.46,15.62,4.94
1/9/15,5699.20,5727.70,4928.30,5207.00,-8.64,205.47,1124.53,1594.81,4.19,236.80,0.71,14.72,20.88,2.01,283.01,15.00,5.07
1/10/15,5207.00,5221.13,4918.40,5021.63,-3.56,194.59,1159.25,1608.05,0.83,239.60,0.72,15.71,21.79,4.39,299.82,15.73,4.78
1/11/15,5021.70,5384.80,5021.70,5239.44,4.34,207.37,1085.70,1519.71,-5.49,220.94,0.71,14.51,20.31,-6.80,272.64,15.77,4.74
1/12/15,5239.40,5313.70,4979.20,5166.52,-1.39,203.09,1068.25,1474.89,-2.95,211.48,0.72,14.05,19.40,-4.49,255.90,15.82,4.73
1/1/16,5166.50,5325.80,4909.56,5295.86,2.50,210.68,1097.38,1568.37,6.34,231.22,0.70,14.01,20.02,3.22,267.37,15.05,4.97
1/2/16,5295.90,5331.40,4803.90,5005.52,-5.48,193.65,1199.91,1682.96,7.31,255.42,0.71,15.06,21.12,5.49,287.54,14.36,4.78
1/3/16,5005.50,5073.00,4706.70,4880.93,-2.49,186.34,1246.34,1662.42,-1.22,251.08,0.75,15.42,20.57,-2.63,277.36,14.60,4.70
1/4/16,4880.90,5216.20,4868.10,5082.79,4.14,198.18,1242.26,1621.59,-2.46,242.46,0.77,16.25,21.21,3.13,289.18,15.47,4.43
1/5/16,5082.80,5281.60,4893.50,5252.22,3.33,208.12,1259.40,1724.50,6.35,264.19,0.73,16.88,23.11,8.97,324.07,16.98,4.54
1/6/16,5252.20,5427.70,5182.20,5378.56,2.41,215.53,1276.40,1724.10,-0.02,264.11,0.74,17.18,23.21,0.40,325.76,16.03,4.63
1/7/16,5378.60,5392.50,5051.00,5233.38,-2.70,207.02,1337.30,1776.30,3.03,275.13,0.75,19.92,26.46,14.02,385.45,17.33,4.28
1/8/16,5233.40,5570.40,5148.70,5562.36,6.29,226.31,1341.10,1756.80,-1.10,271.01,0.76,19.64,25.73,-2.76,372.03,16.72,4.35
1/9/16,5562.40,5611.20,5412.60,5433.03,-2.33,218.73,1326.00,1747.10,-0.55,268.96,0.76,19.28,25.40,-1.26,366.07,16.53,4.38
1/10/16,5433.00,5473.30,5192.20,5435.92,0.05,218.90,1266.60,1663.60,-4.78,251.33,0.76,17.73,23.29,-8.33,327.25,16.04,4.58
1/11/16,5435.90,5498.00,5261.40,5317.73,-2.17,211.96,1236.00,1642.40,-1.27,246.85,0.75,17.41,23.13,-0.66,324.45,16.88,4.45
1/12/16,5317.70,5520.90,5052.10,5440.47,2.31,219.16,1151.40,1562.40,-4.87,229.96,0.74,16.37,22.21,-3.98,307.55,17.74,4.25
1/1/17,5440.50,5699.10,5383.80,5665.79,4.14,232.38,1192.60,1596.40,2.18,237.14,0.75,16.80,22.49,1.24,312.60,17.29,4.36
1/2/17,5667.40,5827.50,5604.30,5620.91,-0.79,229.75,1234.36,1610.70,0.90,240.16,0.77,17.87,23.32,3.69,327.82,18.48,4.16
1/3/17,5620.90,5833.20,5582.70,5712.22,1.62,235.11,1231.10,1615.40,0.29,241.15,0.76,17.58,23.07,-1.07,323.23,18.64,4.09
1/4/17,5712.20,5901.50,5675.00,5864.90,2.67,244.06,1265.60,1681.80,4.11,255.17,0.75,18.05,23.99,3.98,340.07,19.01,4.01
1/5/17,5864.90,5950.10,5790.60,5924.06,1.01,247.53,1245.00,1675.00,-0.40,253.74,0.74,16.76,22.55,-5.99,313.70,17.18,4.18
1/6/17,5924.10,5956.52,5679.80,5724.57,-3.37,235.83,1260.30,1667.00,-0.48,252.05,0.76,16.94,22.41,-0.63,311.10,17.32,4.19
1/7/17,5724.60,5836.40,5629.80,5721.49,-0.05,235.65,1236.20,1585.60,-4.88,234.86,0.78,16.14,20.70,-7.61,279.82,17.36,4.18
1/8/17,5721.50,5799.60,5653.30,5720.59,-0.02,235.60,1282.30,1620.60,2.21,242.25,0.79,16.91,21.37,3.23,292.08,15.39,4.39
1/9/17,5720.60,5806.30,5645.80,5714.52,-0.11,235.24,1315.00,1649.60,1.79,248.37,0.80,17.45,21.89,2.43,301.62,15.39,4.36
1/10/17,5714.50,5777.70,5639.40,5681.61,-0.58,233.31,1279.50,1643.30,-0.38,247.04,0.78,16.93,21.74,-0.67,298.94,15.80,4.22
1/11/17,5681.60,5938.10,5650.90,5909.02,4.00,246.65,1282.30,1682.40,2.38,255.30,0.76,17.00,22.30,2.58,309.22,15.88,4.17
1/12/17,5909.00,6052.10,5909.00,5969.89,1.03,250.22,1261.30,1653.50,-1.72,249.20,0.76,16.16,21.18,-5.02,288.68,16.07,4.13
1/1/18,5969.90,6092.80,5938.70,6065.13,1.60,255.81,1331.70,1673.10,1.19,253.33,0.80,17.16,21.56,1.77,295.55,15.88,4.14
1/2/18,6065.10,6150.00,5991.90,6037.68,-0.45,254.20,1331.50,1692.10,1.14,257.35,0.79,16.65,21.16,-1.86,288.21,16.05,4.17
1/3/18,6037.70,6121.40,5786.80,6015.96,-0.36,252.93,1324.70,1707.50,0.91,260.60,0.78,16.47,21.23,0.33,289.50,15.42,4.35
1/4/18,6016.00,6026.10,5752.70,5759.37,-4.27,237.87,1334.70,1736.60,1.70,266.75,0.77,16.61,21.61,1.80,296.51,15.99,4.18
1/5/18,5759.40,5991.10,5724.80,5982.73,3.88,250.98,1303.00,1732.20,-0.25,265.82,0.75,16.47,21.90,1.31,301.71,16.04,4.18
1/6/18,5982.70,6146.80,5964.10,6011.88,0.49,252.69,1281.60,1709.80,-1.29,261.09,0.75,16.52,22.04,0.66,304.36,16.70,4.06
1/7/18,6011.90,6250.80,5972.00,6194.63,3.04,263.41,1238.50,1673.30,-2.13,253.38,0.74,15.71,21.23,-3.69,289.42,16.84,4.02
1/8/18,6194.63,6306.10,6174.40,6280.20,1.38,268.43,1201.30,1639.30,-2.03,246.20,0.73,15.01,20.48,-3.50,275.80,16.93,4.02
1/9/18,6280.20,6373.50,6230.90,6319.50,0.63,270.73,1198.50,1663.30,1.46,251.27,0.72,14.26,19.79,-3.38,263.10,16.70,4.08
1/10/18,6319.50,6333.70,6102.00,6207.56,-1.77,264.17,1215.40,1709.70,2.79,261.06,0.71,14.58,20.51,3.63,276.29,15.56,4.40
1/11/18,6207.60,6207.60,5624.60,5830.31,-6.08,242.03,1221.00,1684.80,-1.46,255.81,0.72,14.37,19.83,-3.32,263.80,15.35,4.47
1/12/18,5830.30,5941.30,5594.00,5667.16,-2.80,232.46,1247.90,1736.30,3.06,266.68,0.72,14.70,20.45,3.15,275.26,14.77,4.65
1/1/19,5667.20,5771.20,5410.20,5646.37,-0.37,231.24,1291.80,1806.00,4.01,281.40,0.72,15.59,21.80,6.56,299.89,15.72,4.37
1/2/19,5646.40,5915.20,5552.00,5864.65,3.87,244.05,1320.10,1848.90,2.38,290.46,0.71,15.81,22.14,1.59,306.26,15.77,4.28
1/3/19,5864.70,6191.10,5848.90,6168.99,5.19,261.90,1300.90,1837.00,-0.64,287.95,0.71,15.32,21.63,-2.30,296.91,16.10,4.20
1/4/19,6169.00,6270.90,6096.80,6180.73,0.19,262.59,1286.40,1809.50,-1.50,282.14,0.71,15.04,21.16,-2.21,288.15,16.29,4.17
1/5/19,6180.70,6390.50,6169.80,6325.47,2.34,271.08,1284.00,1849.30,2.20,290.55,0.69,14.62,21.06,-0.47,286.33,16.26,4.02
1/6/19,6325.50,6510.90,6203.10,6396.85,1.13,275.27,1359.00,1956.50,5.80,313.18,0.69,14.99,21.58,2.49,295.94,17.21,3.96
1/7/19,6396.90,6691.50,6315.60,6618.77,3.47,288.29,1413.00,2024.40,3.47,327.52,0.70,15.74,22.55,4.50,313.74,16.67,3.86
1/8/19,6618.80,6875.50,6618.80,6812.56,2.93,299.66,1498.80,2212.60,9.30,367.27,0.68,17.14,25.30,12.20,364.24,16.53,4.13
1/9/19,6812.60,6812.60,6396.00,6604.22,-3.06,287.43,1511.30,2219.20,0.30,368.66,0.68,18.17,26.68,5.45,389.52,17.21,3.95
1/10/19,6604.20,6775.60,6503.90,6688.35,1.27,292.37,1494.80,2199.96,-0.87,364.60,0.68,17.62,25.93,-2.81,375.78,17.23,3.91
1/11/19,6688.30,6766.20,6475.40,6663.37,-0.37,290.91,1470.02,2153.46,-2.11,354.78,0.68,17.18,25.17,-2.95,361.75,17.67,3.84
1/12/19,6663.40,6893.70,6634.70,6846.00,2.74,301.62,1476.04,2147.54,-0.28,353.53,0.69,17.11,24.89,-1.09,356.73,19.76,3.90
1/1/20,6846.00,6890.00,6590.10,6684.08,-2.37,292.12,1560.70,2278.00,6.08,381.08,0.69,17.96,26.21,5.30,380.96,20.05,3.84
1/2/20,6684.10,7144.90,6669.20,7017.22,4.98,311.66,1598.82,2395.60,5.16,405.92,0.67,17.92,26.85,2.43,392.63,18.59,4.20
1/3/20,7017.20,7197.20,6426.80,6441.21,-8.21,277.87,1593.76,2558.60,6.80,440.34,0.62,14.96,24.02,-10.55,340.64,18.59,4.20
1/04/20,5181.40,5366.40,5005.80,5076.80,-21.18,197.83,1621.65,2658.40,3.90,461.42,0.61,14.54,23.84,-0.75,337.32,18.59,4.20